"source","context","target"
"%ds left","","ﺖﻀﻣ %ds"
"%i minute left","","ﺖﻀﻣ ﺔﻘﻴﻗﺩ %i"
"%i minutes left","","ﺖﻀﻣ ﻖﺋﺎﻗﺩ %i"
"%i second left","","ﺖﻀﻣ ﺔﻴﻧﺎﺛ %i"
"%i seconds left","","ﺖﻀﻣ ﻦﻧﺍﻮﺛ %i"
"%s wins!","","ﺯﺎﻓ %s!"
"Abort","","ﻁﺎﺒﺣﺇ"
"Add","","ﺔﻓﺎﺿﺍ"
"Address","","ﻥﺍﻮﻨﻋ"
"All","","الكل"
"Are you sure that you want to quit?","","ﻪﺒﻌﻠﻟﺍ ﻕﻼﻏﻻ ﺪﻛﺎﺘﻣ ﺖﻧﺍ ﻞﻫ?"
"Automatically record demos","","تلقائي"
"Blue team","","ﻕﺭﺯﻻﺍ ﻖﻳﺮﻔﻟﺍ"
"Blue team wins!","","ﺯﺎﻓ ﻕﺭﺯﻻﺍ ﻖﻳﺮﻔﻟﺍ!"
"Body","","الجسم"
"Call vote","","ﺖﻳﻮﺼﺗ"
"Change settings","","ﺕﺍﺩﺍﺪﻋﻻﺍ ﺮﻴﻴﻐﺗ"
"Chat","","ﺔﺷﺩﺭﺩ"
"Clan","","ﻥﻼﻛ"
"Client","","ﺖﻨﻳﻼﻛ"
"Connecting to","","ﻰﻟﺍ ﻝﺎﺼﺗﺍ"
"Connection Problems…","","ﻝﺎﺼﺗﻻﺍ ﻲﻓ ﻞﻛﺎﺸﻣ…"
"Console","","ﻞﺴﻧﻮﻜﻟﺍ"
"Controls","","ﻢﻜﺤﺘﻟﺍ"
"Count players only","","ﻂﻘﻓ ﻦﻴﺒﻋﻼﻟﺍ ﺪﻋ"
"Current","","ﻲﻟﺎﺤﻟﺍ"
"Custom colors","","مخصص"
"Delete","","ﻑﺬﺣ"
"Delete demo","","ﻮﻳﺪﻴﻔﻟﺍ ﻑﺬﺣ"
"Demofile: %s","","ملف"
"Demos","","ﺕﺎﻫﻮﻳﺪﻴﻔﻟﺍ"
"Disconnect","","ﺝﻭﺮﺧ"
"Disconnected","","متصل"
"Downloading map","","تحميل"
"Draw!","","ﻝﺩﺎﻌﺗ!"
"Dynamic Camera","","أمريكا الشمالية"
"Emoticon","","رمز تعبيري"
"Error","","ﺀﺎﻄﺧ"
"Error loading demo","","ﻮﻳﺪﻴﻓﻟﺍ ﻞﻴﻤﺤﺗ ﻞﺸﻓ"
"Favorite","","ﻞﻀﻔﻤﻟﺍ"
"Favorites","","ﺔﻠﻀﻔﻤﻟﺍ"
"Feet","","القدمان"
"Fire","","إطلاق"
"Folder","","ﻒﻠﻣ"
"Force vote","","ﺖﻳﻮﺼﺘﻟﺍ ﺽﺮﻓ"
"Free-View","","ﺮﺤﻟﺍ ﺮﻈﻨﻤﻟﺍ"
"Fullscreen","","ﻞﻣﺎﻜﻟﺍ ﺔﺷﺎﺸﻟﺍ ﻊﺿﻭ"
"Game","","ﺔﺒﻌﻠﻟﺍ"
"Game info","","معلومات"
"Game over","","ﺔﺒﻌﻠﻟﺍ ﺖﻬﺘﻧﺍ"
"Game paused","","أستراليا"
"Game type","","ﺔﺒﻌﻠﻟﺍ ﺭﻮﻃ"
"Game types:","","ﺔﺒﻌﻠﻟﺍ ﺭﺍﻮﻃﺍ:"
"General","","ﻡﺎﻋ"
"Graphics","","ﺲﻜﻴﻓﺍﺮﺟ"
"Grenade","","ﺔﻠﺒﻨﻗ"
"Hammer","","ﺔﻗﺮﻄﻣ"
"Has people playing","","ﺹﺎﺨﺷﺍ ﻪﺑ ﺪﺟﻮﻳ"
"High Detail","","ﺔﻴﻟﺎﻋ ﻞﻴﺻﺎﻔﺗ"
"Hook","","خطاف"
"Invalid Demo","","ﺢﻟﺎﺻ ﺮﻴﻏ ﻮﻳﺪﻴﻓ"
"Join blue","","ﻕﺭﺯﻻﺍ ﻰﻟﺍ ﻡﺎﻤﻀﻧﻻﺍ"
"Join red","","ﺮﻤﺣﻻﺍ ﻰﻟﺍ ﻡﺎﻤﻀﻧﻻﺍ"
"Jump","","ﺰﻔﻗ"
"Kick player","","ﺐﻋﻻ ﺩﺮﻃ"
"Language","","ﺔﻐﻠﻟﺍ"
"MOTD","","ﻡﻮﻴﻟﺍ ﺔﻟﺎﺳﺭ"
"Map","","ﺏﺎﻤﻟﺍ"
"Move left","","ﺭﺎﺴﻳ ﻙﺮﺤﺘﻟﺍ"
"Move player to spectators","","ﺪﻫﺎﺸﻳ ﺐﻋﻻ ﻞﻌﺟ"
"Move right","","ﻦﻴﻤﻳ ﻙﺮﺤﺘﻟﺍ"
"Movement","","ﻙﺮﺤﺘﻟﺍ"
"Mute when not active","","كتم"
"Name","","ﻢﺳﻻﺍ"
"Next weapon","","ﻲﻟﺎﺘﻟﺍ ﻡﻼﺴﻟﺍ"
"Nickname","","ﻢﺳﻻﺍ"
"No","","ﻻ"
"No password","","ﺮﺳ ﺔﻤﻠﻛ ﺪﺟﻮﻳ ﻻ"
"No servers found","","ﺕﺍﺮﻓﺮﻴﺳ ﺪﺟﻮﻳ ﻻ"
"No servers match your filter criteria","","ﻚﺑ ﺔﺻﺎﺨﻟﺍ ﺔﻴﻔﺼﺘﻟﺍ ﺮﻴﻳﺎﻌﻣ ﻖﺑﺎﻄﺗ ﺮﻓﺮﻴﺳ ﺪﺟﻮﺗ ﻻ"
"Ok","","ﻙﻭﺍ"
"Parent Folder","","ﻞﺻﻷﺍ ﺪﻠﺠﻤﻟﺍ"
"Password","","ﺭﻭﺮﻤﻟﺍ ﺔﻤﻠﻛ"
"Password incorrect","","ﺔﺌﻃﺎﺧ ﺭﻭﺮﻤﻟﺍ ﺔﻤﻠﻛ"
"Ping","","ﻖﻨﺑ"
"Pistol","","ﺱﺪﺴﻣ"
"Play background music","","الخلفية"
"Player","","ﺐﻋﻻ"
"Player country:","","ﺐﻋﻼﻟﺍ ﺪﻠﺑ:"
"Players","","ﻦﻴﺒﻋﻻ"
"Please balance teams!","","الفرق!"
"Prev. weapon","","ﻖﺑﺎﺴﻟﺍ ﺡﻼﺴﻟﺍ"
"Quit","","ﺝﻭﺮﺧ"
"Reason:","","ﺐﺒﺴﻟﺍ:"
"Red team","","ﺮﻤﺣﻻﺍ ﻖﻳﺮﻔﻟﺍ"
"Red team wins!","","ﺮﺼﺘﻧﺍ ﺮﻤﺣﻻﺍ ﻖﻳﺮﻔﻟﺍ!"
"Remote console","","ﻦﻣﺩﻻﺍ ﻞﺴﻧﻮﻛ"
"Remove","","ﻑﺬﺣ"
"Remove friend","","ﻖﻳﺪﺻ ﻑﺬﺣ"
"Rename demo","","ﻮﻳﺪﻴﻓﻟﺍ ﺔﻴﻤﺴﺗ ﺓﺩﺎﻋﺍ"
"Reset filter","","ﺔﻴﻔﺼﺘﻟﺍ ﺓﺩﺎﻋﺍ"
"Score","","ﻁﺎﻘﻨﻟﺍ"
"Score limit","","ﻁﺎﻘﻨﻟﺍ ﺩﻭﺪﺣ"
"Scoreboard","","ﻁﺎﻘﻨﻟﺍ ﺔﻤﺋﺎﻗ"
"Screenshot","","ﺔﺷﺎﺸﻟﺍ ﺔﻄﻘﻟ"
"Server address:","","ﺮﻓﺮﻴﺴﻟﺍ ﻥﺍﻮﻨﻋ:"
"Server info","","ﺮﻓﺮﻴﺴﻟﺍ ﺕﺎﻣﻮﻠﻌﻣ"
"Server not full","","ﺊﻠﺘﻤﻣ ﺲﻴﻟ ﺮﻓﺮﻴﺴﻟﺍ"
"Shotgun","","ﻦﻘﺘﺷ"
"Show chat","","ﺕﺎﺸﻟﺍ ﺭﺎﻬﻇﺍ"
"Show friends only","","الأصدقاء"
"Show ingame HUD","","داخل اللعبة"
"Show name plates","","لوحة الاسم"
"Show only chat messages from friends","","أمريكا الجنوبية"
"Sound","","ﺕﻮﺼﻟﺍ"
"Sound error","","ﺕﻮﺼﻟﺎﺑ ﺎﻄﺧ"
"Spectate","","مشاهدة"
"Spectate next","","ﻲﻟﺎﺘﻟﺍ ﺓﺪﻫﺎﺸﻣ"
"Spectate previous","","ﻖﺑﺎﺴﻟﺍ ﺓﺪﻫﺎﺸﻣ"
"Spectator mode","","ﺓﺪﻫﺎﺸﻤﻟﺍ ﻊﺿﻭ"
"Spectators","","ﻥﻭﺪﻫﺎﺸﻤﻟﺍ"
"Stop record","","ﺮﻳﻮﺼﺘﻟﺍ ﻑﺎﻘﻳﺍ"
"Strict gametype filter","","ﻂﺒﻀﻟﺎﺑ ﺔﺒﻌﻠﻟﺍ ﻉﻮﻧ"
"Sudden Death","","ﺊﺟﺎﻔﻤﻟﺍ ﺕﻮﻤﻟﺍ"
"Switch weapon on pickup","","ﻁﺎﻘﺘﻟﻻﺍ ﺪﻨﻋ ﺡﻼﺴﻟﺍ ﻞﻳﺪﺒﺗ"
"Team","","ﻖﻳﺮﻔﻟﺍ"
"Team chat","","ﻖﻳﺮﻔﻟﺍ ﺕﺎﺷ"
"The audio device couldn't be initialised.","","ﺕﻮﺼﻟﺍ ﺯﺎﻬﺟ ﺔﺌﻴﻬﺗ ﺭﺬﻌﺗ."
"The server is running a non-standard tuning on a pure game type.","","ﺺﻟﺎﺧ ﺔﺒﻌﻟ ﻉﻮﻧ ﻰﻠﻋ ﻲﺳﺎﻴﻗ ﺮﻴﻏ ﻂﺒﺿ ﻞﻴﻐﺸﺘﺑ ﺮﻓﺮﻴﺳ ﻡﻮﻘﻳ."
"Time limit: %d min","","ﺖﻗﻮﻟﺍ ﺩﻭﺪﺣ: %d min"
"Try again","","ﺍﺩﺪﺠﻣ ﻝﻭﺎﺣ"
"Type","","ﺭﻮﻃ"
"Unable to rename the demo","","ﻮﻳﺪﻴﻓﻟﺍ ﺔﻴﻤﺴﺗ ﺓﺩﺎﻋﺎﺑ ﻞﺸﻓ"
"Use sounds","","ﺕﺍﻮﺻﻻﺍ ﻡﺍﺪﺨﺘﺳﺍ"
"Use team colors for name plates","","ﻢﺳﻼﻟ ﻖﻳﺮﻔﻟﺍ ﻥﺍﻮﻟﺃ ﻡﺪﺨﺘﺳﺍ"
"V-Sync","","V-Sync"
"Version","","ﺭﺍﺪﺻﻻﺍ"
"Vote command:","","أمر:"
"Vote description:","","ﺖﻳﻮﺼﺘﻟﺍ ﻒﺻﻭ:"
"Vote no","","ﻻ ﺖﻳﻮﺼﺗ"
"Vote yes","","ﻢﻌﻧ ﺖﻳﻮﺼﺗ"
"Voting","","ﺕﻮﺼﻳ"
"Warmup","","ﺔﻴﻤﺤﺗ"
"Weapon","","ﺡﻼﺳ"
"Yes","","ﻢﻌﻧ"
"You must restart the game for all settings to take effect.","","ﻝﻮﻌﻔﻤﻟﺍ ﺔﻳﺭﺎﺳ ﺕﺍﺩﺍﺪﻋﻹﺍ ﻊﻴﻤﺟ ﺢﺒﺼﺗ ﻰﺘﺣ ﺔﺒﻌﻠﻟﺍ ﻞﻴﻐﺸﺗ ﺓﺩﺎﻋﺇ ﺐﺠﻳ."
"New name:","","ﺪﻳﺪﺟ ﻢﺳﺍ:"
"Sat.","","ﺔﻴﻓﺎﻔﺷ."
"Miscellaneous","","ﻉﻮﻨﺘﻣ"
"Internet","","ﺖﻧﺮﺘﻧﻻﺍ"
"Max demos","","ﺕﺎﻫﻮﻳﺪﻴﻔﻠﻟ ﻰﺼﻗﻻﺍ ﺪﺤﻟﺍ"
"News","","ﺭﺎﺒﺧﻻﺍ"
"Join game","","ﺔﺒﻌﻠﻟﺍ ﻰﻟﺍ ﻉﻮﺟﺭ"
"FSAA samples","","Anti-Aliasing"
"Sound volume","","ﺕﻮﺼﻟﺍ ﻢﺠﺣ"
"Max Screenshots","","ﺭﻮﺼﻠﻟ ﻰﺼﻗﻻﺍ ﺪﺤﻟﺍ"
"Hue","","ﻥﻮﻟ"
"Record demo","","ﻮﻳﺪﻴﻓ ﺮﻳﻮﺼﺗ"
"Your skin","","ﻚﻨﻜﺳ"
"Reset to defaults","","افتراضي"
"Lht.","","ﺢﻴﺘﻔﺗ"
"UI Color","","ﻥﺍﻮﻟﻻﺍ ﺔﻤﺋﺎﻗ"
"Alpha","","ﺔﻴﻓﺎﻔﺷ"
"LAN","","LAN"
"Name plates size","","ﻲﻣﺎﺳﻻﺍ ﻢﺠﺣ"
"Ratio","","ﺔﺒﺴﻧ"
"AntiPing","","AntiPing"
"Map sound volume","","ﺏﺎﻤﻟﺍ ﺕﻮﺻ"
"Countries","","ﻥﺍﺪﻠﺒﻟﺍ"
"Types","","ﻉﺍﻮﻧﺃ"
"Show kill messages","","ﻞﺘﻘﻟﺍ ﻞﺋﺎﺳﺭ ﺭﺎﻬﻇﺍ"
"Show ghost","","ﺢﺒﺸﻟﺍ ﺭﺎﻬﻇﺍ"
"No updates available","","ﺕﺎﺜﻳﺪﺤﺗ ﺪﺟﻮﻳﻻ"
"Update now","","ﻥﻻﺍ ﺚﻳﺪﺤﺘﻟﺍ"
"Enable server message sound","","ﺮﻓﺮﻴﺴﻟﺍ ﺔﺷﺩﺭﺩ ﺕﻮﺻ ﻞﻴﻌﻔﺗ"
"Show votes window after voting","","ﺖﻳﻮﺼﺘﻟﺍ ﺪﻌﺑ ﺕﺎﺘﻳﻮﺼﺘﻟﺍ ﺔﻤﺋﺎﻗ ﺭﺎﻬﻇﺍ"
"HUD","","ﺔﺒﻌﻠﻟﺍ ﺮﻬﻈﻣ"
"Show names in chat in team colors","","ﻖﻳﺮﻔﻟﺍ ﻥﺍﻮﻟﺄﺑ ﺔﺷﺩﺭﺪﻟﺍ ﻲﻓ ﺀﺎﻤﺳﻷﺍ ﺭﺎﻬﻇﺇ"
"Enable team chat sound","","ﻖﻳﺮﻔﻟﺍ ﺔﺷﺩﺭﺩ ﺕﻮﺻ ﻞﻴﻌﻔﺗ"
"Show other players' hook collision lines","","خط تصادم الخطاف"
"Deaths","","ﺕﺍﻮﻣﻻﺍ"
"Enable game sounds","","ﺔﺒﻌﻟﻻﺍ ﺕﻮﺻ ﻞﻴﻌﻔﺗ"
"DDNet Client needs to be restarted to complete update!","","DDNet-Client !ﺚﻳﺪﺤﺘﻟﺍ ﻝﺎﻤﻛﻻ ﻞﻴﻐﺸﺘﻟﺍ ﺓﺩﺎﻋﻻ ﺝﺎﺘﺤﺗ!"
"Show others","","آخرون"
"Restart","","ﻞﻴﻐﺸﺘﻟﺍ ﺓﺩﺎﻋﺍ"
"Browser","","ﺢﻔﺼﺘﻤﻟﺍ"
"Enable gun sound","","ﺔﺤﻠﺳﻻﺍ ﺕﻮﺻ ﻞﻴﻌﻔﺗ"
"Team message","","ﻖﻳﺮﻔﻟﺍ ﺔﻟﺎﺳﺭ"
"Save the best demo of each race","","ﻕﺎﺒﺳ ﻞﻜﻟ ﻲﺒﻳﺮﺠﺗ ﺽﺮﻋ ﻞﻀﻓﺃ ﻆﻔﺣﺍ"
"Are you sure that you want to disconnect?","","ﺝﻭﺮﺨﻟﺍ ﺪﻳﺮﺗ ﻚﻧﺎﺑ ﺪﻛﺂﺘﻣ ﺖﻧﺍ ﻞﻫ?"
"Ghost","","ﺢﺒﺸﻟﺍ"
"Check now","","ﻥﻻﺍ ﺪﻛﺄﺗ"
"DDNet Client updated!","","DDNet-Client تحدثت!"
"AntiPing: predict other players","","AntiPing: ﻦﻳﺮﺧﻵﺍ ﻦﻴﺒﻋﻼﻟ ﻖﺒﺴﻣ ﺏﺎﺴﺣ"
"System message","","ﻡﺎﻈﻨﻟﺍ ﻞﺋﺎﺳﺭ"
"Updating…","","ﺚﻳﺪﺤﺘﻟﺍ ﺭﺎﺟ…"
"Overlay entities","","ﻥﺍﺭﺪﺠﻟﺍ-ﺐﻛﺍﺮﺗ"
"Messages","","ﻞﺋﺎﺳﺮﻟﺍ"
"%.2f MiB","","%.2f MiB"
"Loading DDNet Client","","ﻞﻴﻤﺤﺘﻟﺍ ﺭﺎﺟ DDNet Client"
"Default zoom","","ﻲﻌﻴﺒﻄﻟﺍ ﺮﻴﺒﻜﺘﻟﺍ"
"Show score","","ﻁﺎﻘﻨﻟﺍ ﺭﺎﻬﻇﺍ"
"%.2f KiB","","%.2f KiB"
"Enable regular chat sound","","ﺔﻳﺩﺎﻌﻟﺍ ﺔﺷﺩﺭﺩ ﺕﻮﺻ ﻞﻴﻌﻔﺗ"
"DDNet","","ﺖﻴﻧﺩﺩ"
"Normal message","","ﺔﻴﻌﻴﺒﻄﻟﺍ ﻞﺋﺎﺳﺮﻟﺍ"
"AntiPing: predict grenade paths","","AntiPing: ﺔﻳﻭﺪﻴﻟﺍ ﻞﺑﺎﻨﻘﻟﺍ ﺕﺍﺭﺎﺴﻣ ﻊﻗﻮﺗ"
"Search","","ﺚﺤﺑ"
"Connecting dummy","","دمية"
"Show clan above name plates","","ﻢﻬﻴﻣﺎﺳﺍ ﻕﻮﻓ ﻥﻼﻜﻟﺍ ﺭﺎﻬﻇﺍ"
"Save ghost","","ﺢﺒﺸﻟﺍ ﻆﻔﺣ"
"Enable highlighted chat sound","","ﻪﻴﺒﻨﺘﻟﺍ ﺕﻮﺻ ﻞﻴﻌﻔﺗ"
"AntiPing: predict weapons","","الأسلحة"
"Highlighted message","","ﻪﻴﺒﻨﺘﻟﺍ ﻞﺋﺎﺳﺭ"
"Switch weapon when out of ammo","","ﺓﺮﻴﺧﺬﻟﺍ ﺫﺎﻔﻧ ﺪﻨﻋ ﺡﻼﺴﻟﺍ ﺮﻴﻴﻐﺗ"
"Grabs","","ﺕﺎﻜﺴﻣ"
"Automatically take game over screenshot","","ﺔﺷﺎﺸﻟﺍ ﺔﻄﻘﻟ ﻰﻠﻋ ﺍًﻴﺋﺎﻘﻠﺗ ﺔﺒﻌﻠﻟﺍ ﺬﺧﺃ"
"Gameplay","","ﺐﻌﻠﻟﺍ"
"Laser","","ﺭﺰﻴﻟ"
"Follow","","ﻊﺒﺗﺃ"
"Reset","","ﻦﻴﻴﻌﺗ ﺓﺩﺎﻋﺇ"
"Automatically create statboard csv","","statboard ﻞﻤﻋ ﻲﺋﺎﻘﻠﺗ"
"Show tiles layers from BG map","","ﺔﻴﻔﻠﺨﻟﺍ ﺏﺎﻤﻠﻟ ﺐﻧﺎﺠﺘﻟﺍ ﺕﺎﻘﺒﻃ ﺭﺎﻬﻇﺇ"
"Remove chat","","ﺕﺎﺸﻟﺍ ﻑﺬﺣ"
"Frags","","ﻞﺑﺎﻨﻗ"
"Automatically take statboard screenshot","","ﺍﻴﺋﺎﻘﻠﺗ ﺞﺋﺎﺘﻨﻟﺍ ﺔﺣﻮﻠﻟ ﺔﺷﺎﺷ ﺔﻄﻘﻟ ﺬﺧﺍ"
"Enable long pain sound (used when shooting in freeze)","","( ﺰﻳﺮﻔﺘﻳ ﺎﻣﺪﻨﻋ ﻡﺪﺨﺘﺴﻳ ) ﻢﻟﻵﺍ ﺕﻮﺻ"
"Vanilla skins only","","ﻂﻘﻓ ﺔﻴﺳﺎﺳﻻﺍ ﺕﺎﻨﻜﺴﻟﺍ"
"Refresh Rate","","ﻢﻳﺮﻔﻟﺍ ﻝﺪﻌﻣ"
"New random timeout code","","ﺪﻳﺪﺟ ﻲﺋﺍﻮﺸﻋ ﺔﻠﻬﻣ ﺩﻮﻛ"
"Suicides","","ﺭﺎﺤﺘﻧﻻﺍ"
"Net","","ﺔﻜﺒﺸﻟﺍ"
"FPM","","فبم"
"Spree","","ﺡﺮﻣ"
"Max CSVs","","Max CSVs"
"Best","","ﻞﻀﻓﺍ"
"Screen","","ﺔﺷﺎﺷ"
"Exclude","","ﺩﺎﻌﺒﺘﺳﺍ"
"Demo","","ﺕﺎﻫﻮﻳﺪﻴﻔﻟﺍ"
"Fat skins (DDFat)","","ﺔﻨﻴﻤﺳ ﺕﺎﻨﻜﺳ"
"Show DDNet map finishes in server browser","","ﺭﺎﻬﻇﺍ DDNet ﺕﺍﺮﻓﺮﻴﺴﻟﺍ ﺢﻔﺼﺘﻣ ﻲﻓ ﺔﻴﻬﺘﻨﻤﻟﺍ ﺕﺎﺑﺎﻤﻟﺍ"
"Unfinished map","","ﺔﻴﻬﺘﻨﻣ ﺮﻴﻐﻟﺍ ﺕﺎﺑﺎﻤﻟﺍ"
"Welcome to DDNet","","ﻲﻓ ﻚﺑ ﺎﺒﺣﺮﻣ DDNet"
"may cause delay","","ﺮﻴﺧﺄﺗ ﺐﺒﺴﻳ"
"Indicate map finish","","ﺔﻗﺎﻄﺒﻟﺍ ﺭﺎﺼﺘﻧﺍ ﺭﺎﻬﻇﺇ"
"File already exists, do you want to overwrite it?","","ﻪﻗﻮﻓ ﺔﺑﺎﺘﻜﻟﺍ ﺪﻳﺮﺗ ﻞﻫ ، ﻞﻌﻔﻟﺎﺑ ﺩﻮﺟﻮﻣ ﻒﻠﻤﻟﺍ?"
"Clan plates size","","ﻥﻼﻜﻟﺍ ﻞﻜﺷ ﻢﺠﺣ"
"Friend message","","ﻖﻳﺪﺻ ﺔﻟﺎﺳﺭ"
"Date","","ﺦﻳﺭﺎﺗ"
"Skin prefix","","ﻦﻜﺴﻟﺍ ﺲﻜﻓﺮﺑ"
"Show HUD","","ﻞﻜﺸﻟﺍ ﺭﺎﻬﻇﺍ"
"9+ new mentions","","9+ ﺓﺪﻳﺪﺟ ﺕﺍﺭﺎﻌﺷﺍ"
"Lock team","","ﻖﻳﺮﻔﻟﺍ ﻞﻔﻗ"
"Zoom out","","ﺮﻴﻐﺼﺗ"
"Are you sure that you want to disconnect your dummy?","","ﻚﺘﻴﻣﺩ ﺝﺍﺮﺧﺍ ﺪﻳﺮﺗ ﻚﻧﺍ ﻦﻣ ﺪﻛﺎﺘﻣ ﺖﻧﺍ ﻞﻫ?"
"Activate","","ﻞﻴﻌﻔﺗ"
"Time","","ﺖﻗﻮﻟﺍ"
"Successfully saved the replay!","","ﺡﺎﺠﻨﺑ ﺓﺩﺎﻋﻻﺍ ﻩﺬﻫ ﻆﻔﺣ ﻢﺗ!"
"Length","","ﻝﻮﻄﻟﺍ"
"Show text entities","","Entities-Text ﺭﺎﻬﻇﺍ"
"Hook collisions","","تصادمات الخطاف"
"Fetch Info","","ﺕﺎﻣﻮﻠﻌﻤﻟﺍ ﺭﺎﻀﺣﺍ"
"DDNet %s is out!","","DDNet %s ﺪﻳﺪﺟ ﺭﺍﺪﺻﺍ!"
"Save","","ﻆﻔﺣ"
"%d new mentions","","%d ﺓﺪﻳﺪﺟ ﺕﺍﺭﺎﻌﺷﺍ"
"Show all","","ﻞﻜﻟﺍ ﺭﺎﻬﻇﺍ"
"1 new mention","","1 ﺪﻳﺪﺟ ﺭﺎﻌﺷﺍ"
"Dummy copy","","ﺔﻴﻣﺪﻟﺍ ﺦﺴﻧ"
"Downloading %s:","","ﻞﻴﻤﺤﺗ %s:"
"Show entities","","ﻥﺍﺭﺪﺠﻟﺍ ﺭﺎﻬﻇﺍ"
"Zoom in","","ﺮﻴﺒﻜﺗ"
"Disconnect Dummy","","ﺔﻴﻣﺪﻟﺍ ﺝﺍﺮﺧﺍ"
"Update failed! Check log…","","ﺕﺎﻗﻮﻠﻟﺍ ﻦﻣ ﺪﻛﺎﺗ !ﻞﺸﻓ ﺚﻳﺪﺤﺘﻟﺍ…"
"Markers","","ﺕﺎﻣﻼﻌﻟﺍ"
"Enable replays","","ﺓﺩﺎﻋﻻﺍ ﻦﻴﻜﻤﺗ"
"Toggle dummy","","ﺔﻴﻣﺪﻠﻟ ﻞﻳﺪﺒﺗ"
"Converse","","ﺔﺛﺩﺎﺤﻣ"
"Filter connecting players","","ﻦﻴﻠﺼﺘﻤﻟﺍ ﻦﻴﺒﻋﻼﻟﺍ ﺔﻴﻔﺼﺗ"
"Size","","ﻢﺠﺣ"
"Deactivate","","ﻞﻴﻄﻌﺗ"
"Replay feature is disabled!","","معطل!"
"Replace video","","ﻮﻳﺪﻴﻔﻟﺍ ﻝﺍﺪﺒﺘﺳﺍ"
"DDraceNetwork is a cooperative online game where the goal is for you and your group of tees to reach the finish line of the map. As a newcomer you should start on Novice servers, which host the easiest maps. Consider the ping to choose a server close to you.","","تي."
"Default length","","ﻲﺿﺍﺮﺘﻓﻻﺍ ﻝﻮﻄﻟﺍ"
"Pause","","ﺔﺒﻗﺍﺮﻣ"
"transmits your player name to info.ddnet.org","","ﻰﻟﺇ ﻚﺑ ﺹﺎﺨﻟﺍ ﺐﻋﻼﻟﺍ ﻢﺳﺍ ﻞﻘﻨﻳ info.ddnet.org"
"Server best:","","ﺮﻓﺮﻴﺳ ﻞﻀﻓﺍ:"
"Render demo","","ﻮﻳﺪﻴﻓﻟﺍ ﻞﻴﻤﺤﺗ"
"Hammerfly dummy","","ﺔﻗﺮﻄﻤﻟﺎﺑ ﻥﺍﺮﻴﻃ-ﺔﻴﻣﺪﻟﺍ"
"Connect Dummy","","ﺔﻴﻣﺪﻟﺍ ﻝﺎﺧﺩﺍ"
"Toggle ghost","","ﺢﺒﺸﻟﺍ ﻊﺿﻭ"
"Statboard","","ﺩﺭﻮﺑ ﺕﺎﺘﺳ"
"Reconnect in %d sec","","%d ﻲﻓ ﻝﻮﺧﺪﻟﺍ ﺓﺩﺎﻋﺍ"
"Personal best:","","ﺔﻴﺼﺨﺷ ﻞﻀﻓﺃ:"
"Kill","","ﻞﺘﻗ"
"Please enter your nickname below.","","ﻚﺑ ﺹﺎﺨﻟﺍ ﻢﺳﺍ ﻝﺎﺧﺩﺇ ﺀﺎﺟﺮﻟﺍ."
"It's recommended that you check the settings to adjust them to your liking before joining a server.","","ﺮﻓﺮﻴﺴﻟﺍ ﻰﻟﺇ ﻡﺎﻤﻀﻧﻻﺍ ﻞﺒﻗ ﻚﺘﺒﻏﺭ ﺐﺴﺣ ﺎﻬﻄﺒﻀﻟ ﺕﺍﺩﺍﺪﻋﻹﺍ ﻦﻣ ﻖﻘﺤﺘﻟﺎﺑ ﻰﺻﻮﻳ."
"Learn","","ﻢﻠﻌﺗ"
"Video name:","","ﻮﻳﺪﻴﻓﻟﺍ ﻢﺳﺍ:"
"Toggle dyncam","","ﺔﻴﻜﻴﻣﺎﻨﻳﺪﻟﺍ ﺍﺮﻴﻣﺎﻛ"
"Show others (own team only)","","ﻂﻘﻓ ﻢﻴﺘﻠﻟ ﻦﻳﺮﺧﻻﺍ ﺭﺎﻬﻇﺍ"
"Use k key to kill (restart), q to pause and watch other players. See settings for other key binds.","","ربط."
"Client message","","ﺔﻟﺎﺳﺭ"
"Skip the main menu","","القائمة الرئيسية"
"Settings","","ﺕﺍﺩﺍﺪﻋﻻﺍ"
"Run server","","ﺮﻓﺮﻴﺳ ﻞﻴﻐﺸﺗ"
"Stop server","","ﺮﻓﺮﻴﺴﻟﺍ ﻑﺎﻘﻳﺍ"
"Editor","","تعديل"
"Download skins","","ﺕﺎﻨﻜﺴﻟﺍ ﻞﻴﻤﺤﺗ"
"Warning","","ﺮﻳﺬﺤﺗ"
"Speed","","ﺔﻋﺮﺳ"
"Website","","ﻊﻗﻮﻣ"
"Server executable not found, can't run server","","ﺮﻓﺮﻴﺴﻟﺍ ﻞﻴﻐﺸﺗ ﻦﻜﻤﻳ ﻻﻭ ،ﺬﻴﻔﻨﺘﻠﻟ ﻞﺑﺎﻗ ﺮﻓﺮﻴﺳ ﻰﻠﻋ ﺭﻮﺜﻌﻟﺍ ﻢﺘﻳ ﻢﻟ"
"Play","Start menu","ﺐﻌﻟ"
"%d of %d servers","","%d ﻦﻣ ﺮﻓﺮﻴﺳ %d"
"%d of %d server","","%d ﻦﻣ ﺮﻓﺮﻴﺳ %d"
"%d players","","%d ﻦﻴﺒﻋﻻ"
"%d player","","%d ﺐﻋﻻ"
"Theme","","ﺕﺎﻤﻴﺜﻟﺍ"
"Demos directory","","ﺮﻳﻮﺼﺘﻟﺍ ﻒﻠﻣ ﺢﺘﻓ"
"Themes directory","","ﺕﺎﻤﻴﺜﻟﺍ ﻒﻠﻣ ﺢﺘﻓ"
"Skin Database","","ﺕﺎﻨﻜﺴﻟﺍ ﺔﺒﺘﻜﻣ"
"Skins directory","","ﺕﺎﻨﻜﺴﻟﺍ ﻒﻠﻣ ﺢﺘﻓ"
"Background music volume","","ﺔﻴﻔﻠﺨﻟﺍ ﺕﻮﺻ"
"Assets","","ﻝﺎﻜﺷﻻﺍ"
"Entities","","ﻥﺍﺭﺪﺠﻟﺍ"
"Emoticons","","ﺕﺎﺗﻮﻤﻳﻻﺍ"
"Particles","","ﺰﻠﻜﺗﺭﺎﺒﻟﺍ"
"Assets directory","","ﻝﺎﻜﺷﻻﺍ ﻒﻠﻣ ﺢﺘﻓ"
"https://wiki.ddnet.org/","","https://wiki.ddnet.org/"
"Use current map as background","","ﺔﻴﻔﻠﺨﻛ ﻲﻟﺎﺤﻟﺍ ﺏﺎﻤﻟﺍ ﻡﺍﺪﺨﺘﺳﺍ"
"Debug mode enabled. Press Ctrl+Shift+D to disable debug mode.","","مفعل."
"Existing Player","","ﺩﻮﺟﻮﻣ ﺐﻋﻼﻟﺍ"
"Checking for existing player with your name","","ﻚﻤﺳﺎﺑ ﺐﻋﻻ ﺩﻮﺟﻭ ﻦﻣ ﻖﻘﺤﺘﻟﺍ"
"Game sound volume","","ﺔﺒﻌﻠﻟﺍ ﺕﻮﺻ"
"Chat sound volume","","ﺔﺷﺩﺭﺪﻟﺍ ﺕﻮﺻ"
"Use old chat style","","ﻢﻳﺪﻘﻟﺍ ﺔﺛﺩﺎﺤﻤﻟﺍ ﻞﻜﺷ ﻡﺍﺪﺨﺘﺳﺍ"
"Manual","","ﻱﻭﺪﻳ"
"Race","","ﻕﺎﺒﺳ"
"Auto","","ﻲﺋﺎﻘﻠﺗ"
"Replay","","ﻞﻴﻐﺸﺘﻟﺍ ﺓﺩﺎﻋﺍ"
"Smooth Dynamic Camera","","ﺔﻤﻋﺎﻧ ﺍﺮﻴﻣﺎﻛ ﻚﻴﻣﺎﻨﻳﺩ"
"English translation by the DDNet Team","Translation credits: Add your own name here when you update translations","Arabic translation by Relax, .Yukki, Reko and vMarshu"
"Failed during initialization. Try to change gfx_backend to OpenGL or Vulkan in settings_ddnet.cfg in the config directory and try again.","Graphics error","مجلد التكوين."
"Out of VRAM. Try setting 'cl_skins_loaded_max' to a lower value or remove custom assets (skins, entities, etc.), especially those with high resolution.","Graphics error","نفدت ذاكرة VRAM. حاول تعيين 'cl_skins_loaded_max' إلى قيمة أقل أو إزالة الأصول المخصصة (المظاهر، الكيانات، إلخ)، خاصة تلك ذات الدقة العالية."
"An error during command recording occurred. Try to update your GPU drivers.","Graphics error","حدث خطأ أثناء تسجيل الأمر. حاول تحديث برامج تشغيل GPU الخاصة بك."
"A render command failed. Try to update your GPU drivers.","Graphics error","فشل أمر التصيير. حاول تحديث برامج تشغيل GPU الخاصة بك."
"Submitting the render commands failed. Try to update your GPU drivers.","Graphics error","فشل إرسال أوامر التصيير. حاول تحديث برامج تشغيل GPU الخاصة بك."
"Failed to swap framebuffers. Try to update your GPU drivers.","Graphics error","فشل تبديل مخازن الإطارات المؤقتة (framebuffers). حاول تحديث برامج تشغيل GPU الخاصة بك."
"Unknown error. Try to change gfx_backend to OpenGL or Vulkan in settings_ddnet.cfg in the config directory and try again.","Graphics error","خطأ غير معروف. حاول تغيير gfx_backend إلى OpenGL أو Vulkan في ملف settings_ddnet.cfg داخل دليل الإعدادات وحاول مرة أخرى."
"Could not initialize the given graphics backend, reverting to the default backend now.","Graphics error","تعذر تهيئة واجهة الرسومات المحددة، جاري العودة إلى الواجهة الافتراضية الآن."
"Could not initialize the given graphics backend, this is probably because you didn't install the driver of the integrated graphics card.","Graphics error","بطاقة رسوميات."
"Could not resolve connect address '%s'. See local console for details.","","تعذر تحليل عنوان الاتصال '%s'. راجع وحدة التحكم المحلية للحصول على التفاصيل."
"Connect address error","","خطأ في عنوان الاتصال"
"Press Ctrl+Shift+G to disable debug graphs.","","اضغط Ctrl+Shift+G لتعطيل الرسوم البيانية لتصحيح الأخطاء."
"Could not save downloaded map. Try manually deleting this file: %s","","تعذر حفظ الخريطة التي تم تنزيلها. حاول حذف هذا الملف يدوياً: %s"
"Could not connect dummy","","تعذر اتصال الدمية (dummy)"
"Error playing demo","","خطأ في تشغيل العرض التجريبي (demo)"
"Failed saving the replay!","","فشل حفظ الإعادة!"
"Saving settings to '%s' failed","","فشل حفظ الإعدادات في '%s'"
"Error saving settings","","خطأ في حفظ الإعدادات"
"No demo with this filename exists","","لا يوجد عرض تجريبي بهذا الاسم"
"The width of texture %s is not divisible by %d, or the height is not divisible by %d, which might cause visual bugs.","","الارتفاع."
"""%s"" is not compatible with pnglite and cannot be loaded by old DDNet versions:","","""%s"" غير متوافق مع pnglite ولا يمكن تحميله بواسطة إصدارات DDNet القديمة:"
"The format of texture %s is not RGBA which will cause visual bugs.","","تنسيق النسيج %s ليس RGBA مما سيسبب أخطاء مرئية."
"Preparing demo playback","","جاري التحضير لتشغيل العرض التجريبي"
"Connected","","متصل"
"Loading map file from storage","","جاري تحميل ملف الخريطة من مساحة التخزين"
"Loading demo file from storage","","جاري تحميل ملف العرض التجريبي من مساحة التخزين"
"Some fonts could not be loaded. Check the local console for details.","","تعذر تحميل بعض الخطوط. تحقق من وحدة التحكم المحلية للحصول على التفاصيل."
"Initializing components","","جاري تهيئة المكونات"
"Why are you slowmo replaying to read this?","","لماذا تقوم بإعادة التشغيل بالحركة البطيئة لقراءة هذا؟"
"Initializing assets","","جاري تهيئة الأصول"
"Initializing map logic","","جاري تهيئة منطق الخريطة"
"Sending initial client info","","جاري إرسال معلومات العميل الأولية"
"Quitting. Please wait…","","يرجى الانتظار…"
"Restarting. Please wait…","","جارٍ إعادة التشغيل. يرجى الانتظار…"
"Loading skin files","","جاري تحميل ملفات المظاهر (skins)"
"Team save in progress. You'll be able to load with '/load %s'","","حفظ الفريق قيد التقدم. ستتمكن من التحميل باستخدام '/load %s'"
"Team save in progress. You'll be able to load with '/load %s' if save is successful or with '/load %s' if it fails","","حفظ الفريق قيد التقدم. ستتمكن من التحميل باستخدام '/load %s' إذا نجح الحفظ أو باستخدام '/load %s' إذا فشل"
"Team successfully saved by %s. The database connection failed, using generated save code instead to avoid collisions. Use '/load %s' to continue","","تم حفظ الفريق بنجاح بواسطة %s. فشل اتصال قاعدة البيانات، باستخدام رمز حفظ تم إنشاؤه بدلاً من ذلك لتجنب التضاربات. استخدم '/load %s' للمتابعة"
"Team successfully saved by %s. The database connection failed, using generated save code instead to avoid collisions. Use '/load %s' on %s to continue","","تم حفظ الفريق بنجاح بواسطة %s. فشل اتصال قاعدة البيانات، باستخدام رمز حفظ تم إنشاؤه بدلاً من ذلك لتجنب التضاربات. استخدم '/load %s' على %s للمتابعة"
"Save failed!","","فشل الحفظ!"
"Auto-sync player camera","","مزامنة كاميرا اللاعب تلقائياً"
"Disabled","Auto camera","معطل"
"Enabled","Auto camera","مُفعل"
"Unavailable for this player","Auto camera","غير متاح لهذا اللاعب"
"Inactive","Auto camera","غير نشط"
"Active","Auto camera","نشط"
"Searching","","جاري البحث"
"Enter Username","","أدخل اسم المستخدم"
"Enter Password","","أدخل كلمة المرور"
"NOT CONNECTED","","غير متصل"
"Match %d of %d","","نتيجة %d من %d"
"No results","","لا توجد نتائج"
"Lines %d - %d (%s)","","الأسطر %d - %d (%s)"
"Locked","","مقفل"
"Following","","يتابع"
"Loading commands…","","جارٍ تحميل الأوامر…"
"Loading maps…","","جارٍ تحميل الخرائط…"
"Position:","","الموضع:"
"Speed:","","السرعة:"
"Angle:","","الزاوية:"
"Multi-View","","عرض متعدد"
"Following %d: %s","Spectating","متابعة %d: %s"
"Following %s","Spectating","متابعة %s"
"AUTO","Spectating Camera Mode Icon","تلقائي"
"Press Esc or Tab to dismiss…","Important alert message","اضغط على Esc أو Tab للرفض…"
"Server alert","","تنبيه الخادم"
"Moderator alert","","تنبيه المشرف"
"Team %d","","فريق %d"
"Press a key…","","اضغط على أي مفتاح…"
"Server could not be started. Make sure to grant the notification permission in the app settings so the server can run in the background.","","تعذر بدء الخادم."
"Server could not be started","","تعذر بدء الخادم"
"Some map images could not be loaded. Check the local console for details.","","تعذر تحميل بعض صور الخريطة. تحقق من وحدة التحكم المحلية للحصول على التفاصيل."
"Loading map","","جاري تحميل الخريطة"
"Uploading map data to GPU","","جاري رفع بيانات الخريطة إلى GPU"
"Some map sounds could not be loaded. Check the local console for details.","","تعذر تحميل بعض أصوات الخريطة. تحقق من وحدة التحكم المحلية للحصول على التفاصيل."
"Loading menu themes","","جاري تحميل سمات القائمة"
"Main menu","","القائمة الرئيسية"
"Rename folder","","إعادة تسمية المجلد"
"Render complete","","اكتمل العرض"
"Are you sure that you want to restart?","","هل أنت متأكد أنك تريد إعادة التشغيل؟"
"Joining Tutorial server","","الانضمام إلى خادم البرنامج التعليمي"
"Your nickname '%s' is already used (%d points). Do you still want to use it?","","لقبك '%s' مستخدم بالفعل (%d نقاط). هل ما زلت تريد استخدامه؟"
"Save skin","","حفظ المظهر"
"Are you sure you want to save your skin? If a skin with this name already exists, it will be replaced.","","هل أنت متأكد أنك تريد حفظ مظهرك؟ إذا كان هناك مظهر بهذا الاسم موجود بالفعل، فسيتم استبداله."
"There's an unsaved map in the editor, you might want to save it.","","توجد خريطة غير محفوظة في المحرر، قد ترغب في حفظها."
"Continue anyway?","","المتابعة على أي حال؟"
"There's an unsaved change in the touch controls editor, you might want to save it.","","هناك تغيير غير محفوظ في محرر أزرار التحكم باللمس، قد ترغب في حفظه."
"This name cannot be used for files and folders","","لا يمكن استخدام هذا الاسم للملفات والمجلدات"
"A demo with this name already exists","","يوجد عرض تجريبي بهذا الاسم بالفعل"
"A folder with this name already exists","","يوجد مجلد بهذا الاسم بالفعل"
"Unable to rename the folder","","تعذر إعادة تسمية المجلد"
"File '%s' already exists, do you want to overwrite it?","","الملف '%s' موجود بالفعل، هل تريد استبداله؟"
"(paused)","","(متوقف مؤقتاً)"
"You will be disconnected from the server.","","سيتم فصلك من الخادم."
"Videos directory","","دليل مقاطع الفيديو"
"Video was saved to '%s'","","تم حفظ مقطع الفيديو في '%s'"
"Join Tutorial Server","","البرنامج التعليمي"
"Skip Tutorial","","تخطي البرنامج التعليمي"
"Getting server list from master server","","جاري الحصول على قائمة الخوادم من الخادم الرئيسي"
"Could not get server list from master server","","تعذر الحصول على قائمة الخوادم من الخادم الرئيسي"
"There are no Tutorial servers available","","لا توجد خوادم للبرنامج التعليمي متاحة"
"Please wait…","","يرجى الانتظار…"
"Retrying…","","جارٍ إعادة المحاولة…"
"Error joining Tutorial server","","خطأ في الانضمام إلى خادم البرنامج التعليمي"
"Could not find a Tutorial server. Check your internet connection.","","تعذر العثور على خادم البرنامج التعليمي. تحقق من اتصالك بالإنترنت."
"You're playing on a local server because no online Tutorial server could be found.\n\nYour record will only be saved locally.","","أنت تلعب على خادم محلي لأنه لم يتم العثور على خادم للبرنامج التعليمي متصل بالإنترنت.\n\nسيتم حفظ سجلك محلياً فقط."
"Could not find online Tutorial server.\nStarting and connecting to local server…","","تعذر العثور على خادم البرنامج التعليمي عبر الإنترنت.\nجارٍ بدء الخادم المحلي والاتصال به…"
"Waiting for local server to stop…","","في انتظار توقف الخادم المحلي…"
"Waiting for local server to start…","","في انتظار بدء الخادم المحلي…"
"Cancel","","إلغاء"
"Error checking player name","","خطأ في التحقق من اسم اللاعب"
"Could not check for existing player with your name. Check your internet connection.","","تعذر التحقق من وجود لاعب يحمل اسمك. تحقق من اتصالك بالإنترنت."
"Unable to save the skin with a reserved name","","تعذر حفظ المظهر"
"Unable to save the skin","","تعذر حفظ المظهر"
"Trying to determine UDP connectivity…","","محاولة تحديد اتصال UDP…"
"UDP seems to be filtered.","","يبدو أن UDP تتم تصفيته."
"UDP and TCP IP addresses seem to be different. Try disabling VPN, proxy or network accelerators.","","يبدو أن عناوين IP لـ UDP و TCP مختلفة. حاول تعطيل VPN أو الوكيل أو مسرعات الشبكة."
"No answer from server yet.","","لا يوجد رد من الخادم حتى الآن."
"%d/%d KiB (%.1f KiB/s)","","%d/%d KiB (%.1f KiB/s)"
"Getting game info","","جاري الحصول على معلومات اللعبة"
"Requesting to join the game","","طلب الانضمام إلى اللعبة"
"Loading menu images","","جاري تحميل صور القائمة"
"AFR","","أفريقيا"
"ASI","","ASI"
"AUS","","AUS"
"EUR","","أوروبا"
"NA","","NA"
"SA","","SA"
"CHN","","الصين"
"No local servers found (ports %d-%d)","","لم يتم العثور على خوادم محلية (المنافذ %d-%d)"
"Start and connect to local server","","بدء الخادم المحلي والاتصال به"
"Example of usage","","مثال على الاستخدام"
"Are you sure that you want to disconnect and switch to a different server?","","هل أنت متأكد أنك تريد قطع الاتصال والتبديل إلى خادم مختلف؟"
"No login required","","مطلوب"
"Communities","","المجتمعات"
"Error loading communities","","خطأ في تحميل المجتمعات"
"Click to remove this community from your favorites.","","انقر لإزالة هذا المجتمع من مفضلاتك."
"Click to add this community to your favorites.","","انقر لإضافة هذا المجتمع إلى مفضلاتك."
"Copy info","","نسخ المعلومات"
"Leak IP","","تسريب IP"
"No server selected","","لم يتم تحديد خادم"
"Online friends (%d)","","الأصدقاء المتصلون (%d)"
"Online clanmates (%d)","","أعضاء العشيرة المتصلون (%d)"
"Offline (%d)","friends (server browser)","غير متصل (%d)"
"Click to select server. Double click to join your friend.","","انقر لتحديد الخادم. انقر نقراً مزدوجاً للانضمام إلى صديقك."
"Click to remove this player from your friends list.","","انقر لإزالة هذا اللاعب من قائمة أصدقائك."
"Click to remove this clan from your friends list.","","انقر لإزالة هذه العشيرة من قائمة أصدقائك."
"Add friends by entering their name below or by clicking their name in the player list.","","إضافة صديق."
"Add clanmates by entering their clan below and leaving the name blank.","","إضافة كلان."
"Are you sure that you want to remove the player '%s' from your friends list?","","هل أنت متأكد أنك تريد إزالة اللاعب '%s' من قائمة أصدقائك؟"
"Are you sure that you want to remove the clan '%s' from your friends list?","","هل أنت متأكد أنك تريد إزالة العشيرة '%s' من قائمة أصدقائك؟"
"Add clan","","إضافة عشيرة"
"Add friend","","إضافة صديق"
"Server filter","","تصفية الخوادم"
"Friends","","الأصدقاء"
"Live","Demo playback","مباشر"
"Go to Live","Demo playback","الذهاب إلى البث المباشر"
"Play the current demo","","تشغيل العرض التجريبي الحالي"
"Pause the current demo","","إيقاف العرض التجريبي الحالي مؤقتاً"
"Stop the current demo","","إيقاف العرض التجريبي الحالي"
"Go back the specified duration","","الرجوع للخلف للمدة المحددة"
"%s min.","Demo player duration","%s دقيقة."
"%s sec.","Demo player duration","%s ثانية."
"Change the skip duration","","تغيير مدة التخطي"
"Go forward the specified duration","","التقدم للأمام للمدة المحددة"
"Go back one tick","","الرجوع للخلف تيك واحد"
"Go forward one tick","","التقدم للأمام تيك واحد"
"Go back one marker","","الرجوع للخلف علامة واحدة"
"Go forward one marker","","التقدم للأمام علامة واحدة"
"Slow down the demo","","إبطاء العرض التجريبي"
"Speed up the demo","","تسريع العرض التجريبي"
"Mark the beginning of a cut (right click to reset)","","تحديد بداية المقطع (انقر بزر الماوس الأيمن لإعادة الضبط)"
"Mark the end of a cut (right click to reset)","","تحديد نهاية المقطع (انقر بزر الماوس الأيمن لإعادة الضبط)"
"Export cut as a separate demo","","تصدير المقطع كعرض تجريبي منفصل"
"Close the demo player","","مشغل الديمو"
"Toggle keyboard shortcuts","","تبديل اختصارات لوحة المفاتيح"
"Toggle auto camera","","تبديل الكاميرا التلقائية"
"Export demo cut","","تصدير مقطع العرض التجريبي"
"Cut interval","","فترة المقطع"
"Cut length","","طول المقطع"
"Render cut to video","","تصيير المقطع إلى فيديو"
"Please use a different filename","","الرجاء استخدام اسم ملف مختلف"
"Loading demo files","","تحميل ملفات الديمو"
"All combined","","الكل مدمج"
"No demo selected","","لم يتم تحديد ديمو"
"Folder Link","","رابط المجلد"
"Created","","تم الإنشاء"
"Netversion","","إصدار الشبكة"
"Map size","","حجم الخريطة"
"map not included","Demo details","متضمن"
"Refresh the demo list","","تحديث قائمة الديمو"
"Open the directory that contains the demo files","","افتح المجلد الذي يحتوي على ملفات الديمو"
"Are you sure that you want to disconnect and play this demo?","","هل أنت متأكد أنك تريد قطع الاتصال ولعب هذا الديمو؟"
"Open the selected folder","","افتح المجلد المحدد"
"Play the selected demo","","العب الديمو المحدد"
"Are you sure that you want to delete the folder '%s'?","","هل أنت متأكد أنك تريد حذف المجلد '%s'؟"
"Are you sure that you want to delete the demo '%s'?","","هل أنت متأكد أنك تريد حذف الديمو '%s'؟"
"Delete folder","","حذف المجلد"
"Unable to delete the demo '%s'","","غير قادر على حذف الديمو '%s'"
"Unable to delete the folder '%s'. Make sure it's empty first.","","غير قادر على حذف المجلد '%s'. تأكد من أنه فارغ أولاً."
"Dummy is not allowed on this server","","مسموح"
"Edit touch controls","","تعديل أزرار التحكم باللمس"
"Unsaved changes","","تغييرات غير محفوظة"
"Save all changes before turning off the editor?","","هل تريد حفظ جميع التغييرات قبل إيقاف تشغيل المحرر؟"
"Close","","إغلاق"
"Error loading touch controls","","خطأ في تحميل أزرار التحكم باللمس"
"Could not load touch controls from file. See local console for details.","","تعذر تحميل أزرار التحكم باللمس من الملف. راجع وحدة التحكم المحلية للحصول على التفاصيل."
"Could not load default touch controls from file. See local console for details.","","تعذر تحميل أزرار التحكم باللمس الافتراضية من الملف. راجع وحدة التحكم المحلية للحصول على التفاصيل."
"Could not load touch controls from clipboard. See local console for details.","","تعذر تحميل أزرار التحكم باللمس من الحافظة. راجع وحدة التحكم المحلية للحصول على التفاصيل."
"https://wiki.ddnet.org/wiki/Touch_controls","","https://wiki.ddnet.org/wiki/Touch_controls"
"Community","","المجتمع"
"Round %d/%d","","الجولة %d/%d"
"forbidden","Team status","ممنوع"
"solo","Team status","فردي"
"allowed","Team status","مسموح"
"required","Team status","مطلوب"
"Teams","","الفرق"
"minimum","Team size","الحد الأدنى"
"maximum","Team size","الحد الأقصى"
"Loading…","","جارٍ التحميل…"
"Loading ghost files","","تحميل ملفات الأشباح"
"Ghosts directory","","مجلد الأشباح"
"Activate all","","تفعيل الكل"
"Deactivate all","","إلغاء تفعيل الكل"
"Menu opened. Press Esc key again to close menu.","","تم فتح القائمة. اضغط على مفتاح Esc مرة أخرى لإغلاق القائمة."
"Layout","","التخطيط"
"Visibility","","الرؤية"
"Behavior","","السلوك"
"Save changes","","حفظ التغييرات"
"Discard changes","","تجاهل"
"Delete button","","حذف الزر"
"Are you sure that you want to delete this button?","","هل أنت متأكد أنك تريد حذف هذا الزر؟"
"Duplicate","","تكرار"
"Please save your changes before duplicating a button.","","يرجى حفظ تغييراتك قبل تكرار زر."
"Deselect","","إلغاء التحديد"
"You'll lose unsaved changes after deselecting.","","ستفقد التغييرات غير المحفوظة بعد إلغاء التحديد."
"Width","","العرض"
"Height","","الارتفاع"
"Shape","","الشكل"
"Rectangle","Touch button shape","مستطيل"
"Circle","Touch button shape","دائرة"
"Plain","Touch button label type","عادي"
"Localized","Touch button label type","مترجم"
"Icon","Touch button label type","الأيقونة"
"Behavior type","","نوع السلوك"
"Bind","Touch button behavior","ربط"
"Bind Toggle","Touch button behavior","تبديل الربط"
"Predefined","Touch button behavior","محدد مسبقاً"
"Info","","معلومات"
"Command","","أمر"
"Label","","التسمية"
"Label type","","نوع التسمية"
"Add command","","إضافة أمر"
"Delete command","","حذف أمر"
"Included","Touch button visibility preview","متضمن"
"Excluded","Touch button visibility preview","مستبعد"
"Ignore","Touch button visibility preview","تجاهل"
"Button browser","","متصفح الأزرار"
"You can select buttons directly in the list below, or long press on a touch button on the screen to select it. You can also move and resize buttons by touch.","","يمكنك تحديد الأزرار مباشرة في القائمة أدناه، أو الضغط لفترة طويلة على زر لمس على الشاشة لتحديده. يمكنك أيضاً تحريك وتغيير حجم الأزرار باللمس."
"New button","","زر جديد"
"Select button by touch","","تحديد الزر باللمس"
"No buttons match your filter criteria","","أزرار"
"File","","ملف"
"Buttons","","أزرار"
"Preview","","معاينة"
"Active color","","لون نشط"
"Inactive color","","لون غير نشط"
"Direct touch input while ingame","","إدخال لمس مباشر أثناء اللعب"
"Disabled","Direct touch input","معطل"
"Active action","Direct touch input","إجراء نشط"
"Aim","Direct touch input","تصويب"
"Fire","Direct touch input","إطلاق"
"Hook","Direct touch input","خطاف"
"Direct touch input while spectating","","إدخال لمس مباشر أثناء المشاهدة"
"Preview visibilities","","معاينة الرؤية"
"Preview button visibility while the editor is active.","","معاينة رؤية الزر أثناء تنشيط المحرر."
"Show all buttons","","إظهار جميع الأزرار"
"You can manage your touch controls settings on this page. Only changes that are saved will be available after restarting the client. You can share your touch controls with others by exporting them to the clipboard.\n\nYou can find more detailed information about the touch controls on the DDNet Wiki.","","يمكنك إدارة إعدادات أزرار التحكم باللمس الخاصة بك في هذه الصفحة. فقط التغييرات المحفوظة ستكون متاحة بعد إعادة تشغيل العميل. يمكنك مشاركة أزرار التحكم باللمس الخاصة بك مع الآخرين عن طريق تصديرها إلى الحافظة.\n\nيمكنك العثور على معلومات أكثر تفصيلاً حول أزرار التحكم باللمس على DDNet Wiki."
"Open DDNet Wiki","","افتح DDNet Wiki"
"Error saving touch controls","","خطأ في حفظ أزرار التحكم باللمس"
"Could not save touch controls to file. See local console for details.","","تعذر حفظ أزرار التحكم باللمس في الملف. راجع وحدة التحكم المحلية للحصول على التفاصيل."
"Are you sure that you want to discard the current changes to the touch controls?","","هل أنت متأكد أنك تريد تجاهل التغييرات الحالية على أزرار التحكم باللمس؟"
"Are you sure that you want to reset the touch controls to default?","","هل أنت متأكد أنك تريد إعادة ضبط أزرار التحكم باللمس إلى الافتراضي؟"
"Import from clipboard","","استيراد من الحافظة"
"Are you sure that you want to import the touch controls from the clipboard? This will overwrite your current touch controls.","","هل أنت متأكد أنك تريد استيراد أزرار التحكم باللمس من الحافظة؟ سيؤدي هذا إلى الكتابة فوق أزرار التحكم باللمس الحالية الخاصة بك."
"Export to clipboard","","تصدير إلى الحافظة"
"Save all changes before switching selected button?","","حفظ جميع التغييرات قبل تبديل الزر المحدد؟"
"Discard","","تجاهل"
"No space for button","","لا توجد مساحة للزر"
"There is not enough space available for the button. Check its visibilities and size.","","لا توجد مساحة كافية متاحة للزر. تحقق من الرؤية والحجم الخاص به."
"Selected button not visible","","الزر المحدد غير مرئي"
"The selected button is not visible. Do you want to deselect it or edit its visibility?","","الزر المحدد غير مرئي. هل تريد إلغاء تحديده أو تعديل رؤيته؟"
"Edit","","تعديل"
"Width and height are required to be within the range from %d to %d.","","يجب أن يكون العرض والارتفاع ضمن النطاق من %d إلى %d."
"Button position is outside of the screen.","","موضع الزر خارج الشاشة."
"The selected button is overlapping with other buttons.","","الزر المحدد يتداخل مع أزرار أخرى."
"Wrong button settings","","إعدادات زر خاطئة"
"There is not enough space available to place another button.","","لا توجد مساحة كافية متاحة لوضع زر آخر."
"Ingame","Touch button visibilities","في اللعبة"
"Zoom Allowed","Touch button visibilities","التقريب مسموح"
"Vote Active","Touch button visibilities","التصويت نشط"
"Dummy Allowed","Touch button visibilities","الدمية مسموح بها"
"Dummy Connected","Touch button visibilities","الدمية متصلة"
"Rcon Authed","Touch button visibilities","مصادق عليه في Rcon"
"Demo Player","Touch button visibilities","مشغل الديمو"
"Extra Menu","Touch button visibilities","قائمة إضافية"
"Ingame Menu","Predefined touch button behaviors","قائمة اللعبة"
"Extra Menu","Predefined touch button behaviors","قائمة إضافية"
"Emoticon","Predefined touch button behaviors","رمز تعبيري"
"Spectate","Predefined touch button behaviors","مشاهدة"
"Swap Action","Predefined touch button behaviors","تبديل الإجراء"
"Use Action","Predefined touch button behaviors","استخدام الإجراء"
"Joystick Action","Predefined touch button behaviors","إجراء عصا التحكم"
"Joystick Aim","Predefined touch button behaviors","تصويب عصا التحكم"
"Joystick Fire","Predefined touch button behaviors","إطلاق عصا التحكم"
"Joystick Hook","Predefined touch button behaviors","خطاف عصا التحكم"
"Buttons with this behavior execute console commands like regular key binds.","","الأزرار بهذا السلوك تنفذ أوامر وحدة التحكم مثل ربط المفاتيح العادي."
"Buttons with this behavior cycle between executing one of two or more specified commands.","","الأزرار بهذا السلوك تتبدل بين تنفيذ واحد من أمرين أو أكثر محددين."
"Buttons with this behavior execute some predefined actions.","","الأزرار بهذا السلوك تنفذ بعض الإجراءات المحددة مسبقاً."
"Opens the ingame menu immediately when released.","","يفتح قائمة اللعبة فور تحريره."
"The extra menu button which toggles visibility of buttons with ""Extra Menu"" visibilities. Also opens the ingame menu on long press.","","الزر الإضافي للقائمة الذي يبدل رؤية الأزرار برؤية ""قائمة إضافية"". يفتح أيضاً قائمة اللعبة عند الضغط لفترة طويلة."
"Opens the emoticon selector (this does not work with binds).","","يفتح محدد الرموز التعبيرية (هذا لا يعمل مع الربط)."
"Opens the spectator menu (this does not work with binds).","","يفتح قائمة المشاهد (هذا لا يعمل مع الربط)."
"Swaps the active action (fire and hook) for direct touch input and virtual joysticks.","","يبدل الإجراء النشط (الإطلاق والخطاف) للإدخال المباشر باللمس وعصي التحكم الافتراضية."
"Uses the active action with the current aiming position.","","يستخدم الإجراء النشط مع موضع التصويب الحالي."
"Virtual joystick which uses the active action.","","عصا التحكم الافتراضية التي تستخدم الإجراء النشط."
"Virtual joystick which only aims without using an action.","","عصا التحكم الافتراضية التي تصوب فقط دون استخدام أي إجراء."
"Virtual joystick which always uses fire.","","عصا التحكم الافتراضية التي تستخدم الإطلاق دائماً."
"Virtual joystick which always uses hook.","","عصا التحكم الافتراضية التي تستخدم الخطاف دائماً."
"Player is ingame, i.e. not spectating.","","اللاعب داخل اللعبة، أي ليس مشاهداً."
"Zoom is allowed on this server.","","التقريب مسموح على هذا الخادم."
"A vote is currently active.","","التصويت نشط حالياً."
"Dummy is allowed on this server.","","الدمية مسموح بها على هذا الخادم."
"Dummy is currently connected.","","الدمية متصلة حالياً."
"Player is currently authed in rcon.","","تمت مصادقة اللاعب حالياً في rcon."
"Demo player is currently active.","","مشغل الديمو نشط حالياً."
"The extra menu with the given number is activated.","","القائمة الإضافية بالرقم المعطى مُنشطة."
"Hz","Hertz","هرتز"
"Update Rate","","معدل التحديث"
"Save power by lowering update rate (higher input latency)","","وفر الطاقة عن طريق خفض معدل التحديث (وقت استجابة إدخال أعلى)"
"Settings file","","ملف الإعدادات"
"Open the settings file","","افتح ملف الإعدادات"
"Saves file","","ملف الحفظ"
"Open the saves file","","افتح ملف الحفظ"
"Config directory","","مسار الإعدادات"
"Open the directory that contains the configuration and user files","","افتح المجلد الذي يحتوي على ملفات التكوين والمستخدم"
"Open the directory to add custom themes","","افتح المجلد لإضافة سمات مخصصة"
"Dummy","","دمية"
"Player info change cooldown","","فترة تبريد تغيير معلومات اللاعب"
"Download community skins","","تحميل أشكال المجتمع"
"This skin name cannot be used.","","لا يمكن استخدام اسم هذا الشكل."
"Skin could not be loaded due to an error. Check the local console for details.","","تعذر تحميل الشكل بسبب خطأ. تحقق من وحدة التحكم المحلية للحصول على التفاصيل."
"Skin could not be found.","","لم يتم العثور على الشكل."
"Create a random skin","","إنشاء شكل عشوائي"
"Choose default eyes when joining a server","","العينان"
"No skins match your filter criteria","","لا توجد أشكال تطابق معايير التصفية الخاصة بك"
"Open the directory to add custom skins","","افتح المجلد لإضافة أشكال مخصصة"
"Windowed","","نافذة"
"Windowed borderless","","نافذة بلا حدود"
"Windowed fullscreen","","نافذة بملء الشاشة"
"Desktop fullscreen","","ملء الشاشة لسطح المكتب"
"Allows maps to render with more detail","","يسمح بعرض الخرائط بمزيد من التفاصيل"
"Show FPS","","إظهار FPS"
"Renders your frame rate in the top right","","يعرض معدل الإطارات الخاص بك في أعلى اليمين"
"Renderer","","عارض"
"default","","افتراضي"
"custom","","مخصص"
"Graphics card","","بطاقة الرسومات"
"auto","","تلقائي"
"Tee","","تي"
"Appearance","","المظهر"
"Name Plate","","لوحة الاسم"
"Hook Collisions","","تصادمات الخطاف"
"Info Messages","","رسائل المعلومات"
"Show health, shields and ammo","","إظهار الصحة، والدروع والذخيرة"
"Show local time always","","إظهار الوقت المحلي دائماً"
"Show spectator cursor","","إظهار مؤشر المشاهد"
"Authed name color in scoreboard","","لون الاسم المصادق عليه في لوحة النتائج"
"Same clan color in scoreboard","","نفس لون الكلان في لوحة النتائج"
"DDRace HUD","","واجهة DDRace"
"Show client IDs (scoreboard, chat, spectator)","","إظهار معرّفات العملاء (لوحة النتائج، الدردشة، المشاهد)"
"Show DDRace HUD","","إظهار واجهة DDRace"
"Show jumps indicator","","إظهار مؤشر القفزات"
"Show number of spectators","","إظهار عدد المشاهدين"
"Show dummy actions","","إظهار إجراءات الدمية"
"Show player position","","إظهار موضع اللاعب"
"Show player speed","","إظهار سرعة اللاعب"
"Show player target angle","","إظهار زاوية هدف اللاعب"
"Show freeze bars","","إظهار أشرطة التجميد"
"Opacity of freeze bars inside freeze","","الشفافية"
"Always show chat","","إظهار الدردشة دائماً"
"Show only chat messages from team members","","إظهار رسائل الدردشة من أعضاء الفريق فقط"
"Censor profanity","","مراقبة الألفاظ النابية"
"Chat font size","","حجم خط الدردشة"
"Chat width","","عرض الدردشة"
"Chat background color","","لون خلفية الدردشة"
"None","Show name plates","لا شيء"
"Own","Show name plates","الخاص بك"
"Others","Show name plates","الآخرين"
"All","Show name plates","الكل"
"Name plates offset","","إزاحة لوحات الأسماء"
"Show friend icon in name plates","","إظهار أيقونة الصديق في لوحات الأسماء"
"Show client IDs in name plates","","إظهار معرّفات العملاء في لوحات الأسماء"
"Show client IDs on a separate line","","إظهار معرّفات العملاء في سطر منفصل"
"Client IDs size","","حجم معرّفات العملاء"
"Hook Strength","","قوة الخطاف"
"Show hook strength icon indicator","","إظهار مؤشر أيقونة قوة الخطاف"
"Show hook strength number indicator","","إظهار مؤشر رقم قوة الخطاف"
"Size of hook strength icon and number indicator","","حجم أيقونة قوة الخطاف ومؤشر الرقم"
"Key Presses","","ضغطات المفاتيح"
"Show players' key presses","","إظهار ضغطات مفاتيح اللاعبين"
"None","Show players' key presses","لا شيء"
"Own","Show players' key presses","الخاص بك"
"Others","Show players' key presses","الآخرين"
"All","Show players' key presses","الكل"
"Size of key press icons","","حجم أيقونات ضغطات المفاتيح"
"Preview player's name plate","","معاينة لوحة اسم اللاعب"
"Preview dummy's name plate","","معاينة لوحة اسم الدمية"
"Hook collision line","","خط تصادم الخطاف"
"Show own player's hook collision line","","إظهار خط تصادم الخطاف الخاص باللاعب"
"Always show own player's hook collision line","","إظهار خط تصادم الخطاف الخاص باللاعب دائماً"
"Always show other players' hook collision lines","","إظهار خطوط تصادم الخطاف للاعبين الآخرين دائماً"
"Width of your own hook collision line","","عرض خط تصادم الخطاف الخاص بك"
"Width of others' hook collision line","","عرض خط تصادم الخطاف للآخرين"
"Hook collision line opacity","","شفافية خط تصادم الخطاف"
"Colors of the hook collision line:","","ألوان خط تصادم الخطاف:"
"Your movements are not taken into account when calculating the line colors","","لا تؤخذ تحركاتك في الاعتبار عند حساب ألوان الخط"
"When nothing is hookable","Hook collision line color","عندما لا يمكن خطف شيء"
"When something is hookable","Hook collision line color","عندما يمكن خطف شيء"
"When a Tee is hookable","Hook collision line color","عندما يمكن خطف تي"
"Hook collision line tip","Hook collision line color","تلميح خط تصادم الخطاف"
"Preview 'Hook collisions' being pressed","","معاينة الضغط على 'تصادمات الخطاف'"
"Show finish messages","","إظهار رسائل الإنهاء"
"Normal Color","","اللون العادي"
"Highlight Color","","لون التمييز"
"Weapons","","الأسلحة"
"Rifle Laser Outline Color","","لون إطار ليزر البندقية"
"Rifle Laser Inner Color","","اللون الداخلي لليزر البندقية"
"Shotgun Laser Outline Color","","لون إطار ليزر الشوزن"
"Shotgun Laser Inner Color","","اللون الداخلي لليزر الشوزن"
"Door Laser Outline Color","","لون إطار ليزر الباب"
"Door Laser Inner Color","","اللون الداخلي لليزر الباب"
"Freeze Laser Outline Color","","لون إطار ليزر التجميد"
"Freeze Laser Inner Color","","اللون الداخلي لليزر التجميد"
"Dragger Outline Color","","لون إطار الساحب"
"Dragger Inner Color","","اللون الداخلي للساحب"
"Set all to Rifle","","تعيين الكل إلى البندقية"
"Enable ghost","","تفعيل الشبح"
"When you cross the start line, show a ghost tee replicating the movements of your best time","","عند عبور خط البداية، أظهر شبح تي يحاكي حركات أفضل وقت لك"
"Opacity","","الشفافية"
"Only save improvements","","حفظ التحسينات فقط"
"Adjust the opacity of entities belonging to other teams, such as tees and name plates","","اضبط شفافية الكيانات التابعة للفرق الأخرى، مثل التيز ولوحات الأسماء"
"Show background quads","","إظهار Quads الخلفية"
"Quads are used for background decoration","","الزينة"
"Prediction margin","","هامش التنبؤ"
"Predict events (experimental)","","توقع الأحداث (تجريبي)"
"Tries to predict other entities to give a feel of low latency","","يحاول التنبؤ بالكيانات الأخرى لإعطاء شعور بانخفاض زمن الوصول"
"Background","","الخلفية"
"Regular background color","","لون الخلفية العادي"
"Entities background color","","لون خلفية الكيانات"
"Run on join","","التشغيل عند الانضمام"
"Chat command (e.g. showall 1)","","أمر الدردشة (مثل showall 1)"
"Unregister protocol and file extensions","","إلغاء تسجيل البروتوكول وامتدادات الملفات"
"DDNet %s is available:","","DDNet %s متاح:"
"Basic","","أساسي"
"Custom","","مخصص"
"Are you sure that you want to delete '%s'?","","هل أنت متأكد أنك تريد حذف '%s'؟"
"Delete skin","","حذف الشكل"
"Unable to delete skin","","غير قادر على حذف الشكل"
"Extras","","إضافات"
"Loading assets","","تحميل الأصول"
"Open the directory to add custom assets","","افتح المجلد لإضافة أصول مخصصة"
"Chat command","","أمر الدردشة"
"Scoreboard cursor","","مؤشر لوحة النتائج"
"Reset controls","","إعادة ضبط أزرار التحكم"
"Are you sure that you want to reset the controls to their defaults?","","هل أنت متأكد أنك تريد إعادة ضبط أزرار التحكم إلى الوضع الافتراضي؟"
"Mouse","","فأرة"
"Controller","","وحدة تحكم"
"Ingame mouse sens.","","حساسية الفأرة في اللعبة."
"UI mouse sens.","","حساسية الفأرة في واجهة المستخدم."
"Enable controller","","وحدة التحكم"
"Ingame controller mode","","وضع وحدة التحكم في اللعبة"
"Relative","Ingame controller mode","نسبي"
"Absolute","Ingame controller mode","مطلق"
"Ingame controller sens.","","حساسية وحدة التحكم في اللعبة."
"UI controller sens.","","حساسية وحدة التحكم في واجهة المستخدم."
"Controller jitter tolerance","","تسامح اهتزاز وحدة التحكم"
"No controller found. Plug in a controller.","","لم يتم العثور على وحدة تحكم. قم بتوصيل وحدة تحكم."
"Axis","","محور"
"Status","","الحالة"
"Aim bind","","ربط التصويب"
"Discord","","ديسكورد"
"https://ddnet.org/discord","","https://ddnet.org/discord"
"Tutorial","","برنامج تعليمي"
"Download","","تنزيل"
"Loading race demo files","","تحميل ملفات ديمو السباق"
"%d others…","Spectators","%d آخرون…"
"Super","","خارق"
"%d\n(%d/%d)","Team and size","%d\n(%d/%d)"
"Team %d (%d/%d)","","فريق %d (%d/%d)"
"Unmute","","إلغاء الكتم"
"Mute","","كتم"
"Unmute emoticons","","كتم الرموز التعبيرية"
"Mute emoticons","","كتم الرموز التعبيرية"
"Body","skins","الجسم"
"Marking","skins","العلامة"
"Decoration","skins","زينة"
"Hands","skins","اليدان"
"Feet","skins","القدمين"
"Eyes","skins","العيون"
"Loading sound files","","تحميل ملفات الصوت"
"Aim","","التصويب"
"Active: Fire","","نشط: إطلاق"
"Active: Hook","","نشط: خطاف"
"Moved ingame","","تم النقل داخل اللعبة"
"https://wiki.ddnet.org/wiki/Mapping","","https://wiki.ddnet.org/wiki/Mapping"
